name,name_short,code,position
Mikal Bridges,M. Bridges,bridgmi01,F
Jaylen Brown,J. Brown,brownja02,F
Derrick White,D. White,whitede01,G
Al Horford,A. Horford,horfoal01,C
Payton Pritchard,P. Pritchard,pritcpa01,G
Sam Hauser,S. Hauser,hausesa01,F
Neemias Queta,N. Queta,quetane01,C
Baylor Scheierman,B. Scheierman,scheiba01,G
Jaden Springer,J. Springer,sprinja01,G
Luke Kornet,L. Kornet,kornelu01,C
Jayson Tatum,J. Tatum,tatumja01,F
Jordan Walsh,J. Walsh,walshjo01,F
Jacob Toppin,J. Toppin,toppija01,F
Karl-Anthony Towns,K. Towns,townska01,C
Tyler Kolek,T. Kolek,kolekty01,G
Ariel Hukporti,A. Hukporti,hukpoar01,C
Pacome Dadiet,P. Dadiet,dadiepa01,G
Jericho Sims,J. Sims,simsje01,C
Cameron Payne,C. Payne,payneca01,G
Miles McBride,M. McBride,mcbrimi01,G
Josh Hart,J. Hart,hartjo01,F
Jalen Brunson,J. Brunson,brunsja01,G
OG Anunoby,O. Anunoby,anunoog01,F
Jrue Holiday,J. Holiday,holidjr01,G
Austin Reaves,A. Reaves,reaveau01,G
Gabe Vincent,G. Vincent,vincega01,G
Rui Hachimura,R. Hachimura,hachiru01,F
LeBron James,L. James,jamesle01,C
Dalton Knecht,D. Knecht,knechda01,F
Cam Reddish,C. Reddish,reddica01,F
Max Christie,M. Christie,chrisma02,G
Jalen Hood-Schifino,J. Hood-Schifino,hoodsja01,G
Maxwell Lewis,M. Lewis,lewisma05,F
Anthony Davis,A. Davis,davisan02,C
Jaxson Hayes,J. Hayes,hayesja02,C
D'Angelo Russell,D. Russell,russeda01,G
Bronny James,B. James,jamesbr02,G
Rob Dillingham,R. Dillingham,dilliro01,G
Mike Conley,M. Conley,conlemi01,G
Joe Ingles,J. Ingles,inglejo01,F
Jaden McDaniels,J. McDaniels,mcdanja02,F
Anthony Edwards,A. Edwards,edwaran01,G
Rudy Gobert,R. Gobert,goberru01,C
Josh Minott,J. Minott,minotjo01,F
Donte DiVincenzo,D. DiVincenzo,divindo01,G
Julius Randle,J. Randle,randlju01,C
Naz Reid,N. Reid,reidna01,C
PJ Dozier,P. Dozier,doziepj01,F
Luka Garza,L. Garza,garzalu01,C
Leonard Miller,L. Miller,millele01,F
Nickeil Alexander-Walker,N. Alexander-Walker,alexani01,G
Onyeka Okongwu,O. Okongwu,okongon01,C
Bogdan Bogdanović,B. Bogdanovic,bogdabo01,G
Dyson Daniels,D. Daniels,daniedy01,G
De'Andre Hunter,D. Hunter,huntede01,F
Clint Capela,C. Capela,capelca01,C
Zaccharie Risacher,Z. Risacher,risacza01,F
Keaton Wallace,K. Wallace,wallake01,G
Mouhamed Gueye,M. Gueye,gueyemo02,F
David Roddy,D. Roddy,roddyda01,F
Trae Young,T. Young,youngtr01,G
Vit Krejci,V. Krejci,krejcvi01,G
Jalen Johnson,J. Johnson,johnsja05,F
Larry Nance Jr.,L. Nance Jr.,nancela02,C
Garrison Mathews,G. Mathews,mathega01,G
Noah Clowney,N. Clowney,clownno01,F
Cameron Johnson,C. Johnson,johnsca02,F
Dorian Finney-Smith,D. Finney-Smith,finnedo01,F
Ben Simmons,B. Simmons,simmobe01,G
Tyrese Martin,T. Martin,martity01,G
Jalen Wilson,J. Wilson,wilsoja03,F
Dennis Schröder,D. Schroder,schrode01,G
Ziaire Williams,Z. Williams,willizi02,F
Nic Claxton,N. Claxton,claxtni01,C
Jaylen Martin,J. Martin,martija02,F
Dariq Whitehead,D. Whitehead,whiteda01,F
Shake Milton,S. Milton,miltosh01,G
Cam Thomas,C. Thomas,thomaca02,G
Keon Johnson,K. Johnson,johnske07,G
Daniss Jenkins,D. Jenkins,jenkida01,G
Alondes Williams,A. Williams,willial06,G
Tobias Harris,T. Harris,harrito02,F
Cole Swider,C. Swider,swideco01,F
Wendell Moore Jr.,W. Moore Jr.,moorewe01,G
Marcus Sasser,M. Sasser,sassema01,G
Isaiah Stewart,I. Stewart,stewais01,C
Malik Beasley,M. Beasley,beaslma01,G
Tim Hardaway Jr.,T. Hardaway Jr.,hardati02,F
Jalen Duren,J. Duren,durenja01,C
Jaden Ivey,J. Ivey,iveyja01,G
Paul Reed,P. Reed,reedpa01,C
Cade Cunningham,C. Cunningham,cunnica01,G
Simone Fontecchio,S. Fontecchio,fontesi01,F
Pascal Siakam,P. Siakam,siakapa01,F
James Johnson,J. Johnson,johnsja01,C
Myles Turner,M. Turner,turnemy01,C
Tyrese Haliburton,T. Haliburton,halibty01,G
Andrew Nembhard,A. Nembhard,nembhan01,G
Aaron Nesmith,A. Nesmith,nesmiaa01,F
Bennedict Mathurin,B. Mathurin,mathube01,F
Johnny Furphy,J. Furphy,furphjo01,G
T.J. McConnell,T. McConnell,mccontj01,G
Jarace Walker,J. Walker,walkeja02,F
Ben Sheppard,B. Sheppard,sheppbe01,G
James Wiseman,J. Wiseman,wisemja01,C
Quenton Jackson,Q. Jackson,jacksqu01,G
Obi Toppin,O. Toppin,toppiob01,F
Enrique Freeman,E. Freeman,freemen01,F
Alperen Sengun,A. Sengun,sengual01,C
Jabari Smith Jr.,J. Smith Jr.,smithja05,F
Dillon Brooks,D. Brooks,brookdi01,F
Amen Thompson,A. Thompson,thompam01,F
Fred VanVleet,F. VanVleet,vanvlfr01,G
Tari Eason,T. Eason,easonta01,F
Aaron Holiday,A. Holiday,holidaa01,G
Cam Whitmore,C. Whitmore,whitmca01,F
Jeff Green,J. Green,greenje02,C
N'Faly Dante,N. Dante,nfalyda01,C
Jae'Sean Tate,J. Tate,tateja01,F
Jeenathan Williams,J. Williams,willije02,G
Jock Landale,J. Landale,landajo01,C
Reed Sheppard,R. Sheppard,sheppre01,G
Jalen Green,J. Green,greenja05,G
Grant Williams,G. Williams,willigr01,F
Nick Smith Jr.,N. Smith Jr.,smithni01,G
Moussa Diabaté,M. Diabate,diabamo01,C
Brandon Miller,B. Miller,millebr02,F
LaMelo Ball,L. Ball,ballla01,G
Miles Bridges,M. Bridges,bridgmi02,F
Cody Martin,C. Martin,martico01,F
Tre Mann,T. Mann,manntr01,G
Nick Richards,N. Richards,richani01,C
Vasilije Micić,V. Micic,micicva01,G
Taj Gibson,T. Gibson,gibsota01,C
Jared Rhoden,J. Rhoden,rhodeja01,G
Tidjane Salaün,T. Salaun,salauti01,F
Seth Curry,S. Curry,curryse01,G
KJ Simpson,K. Simpson,simpskj01,G
Kobe Brown,K. Brown,brownko01,F
Derrick Jones Jr.,D. Jones Jr.,jonesde02,F
Amir Coffey,A. Coffey,coffeam01,F
Nicolas Batum,N. Batum,batumni01,F
Kai Jones,K. Jones,joneska01,C
Kris Dunn,K. Dunn,dunnkr01,G
Norman Powell,N. Powell,powelno01,F
Trentyn Flowers,T. Flowers,flowetr01,F
Bones Hyland,B. Hyland,hylanbo01,G
Jordan Miller,J. Miller,millejo02,F
Kevin Porter Jr.,K. Porter Jr.,porteke02,F
Ivica Zubac,I. Zubac,zubaciv01,C
Cam Christie,C. Christie,chrisca02,G
Terance Mann,T. Mann,mannte01,F
Monte Morris,M. Morris,morrimo01,G
Mason Plumlee,M. Plumlee,plumlma01,C
Bradley Beal,B. Beal,bealbr01,G
Tyus Jones,T. Jones,jonesty01,G
Devin Booker,D. Booker,bookede01,G
Royce O'Neale,R. O'Neale,onealro01,F
James Harden,J. Harden,hardeja01,G
Jusuf Nurkić,J. Nurkic,nurkiju01,C
Damion Lee,D. Lee,leeda03,G
Ryan Dunn,R. Dunn,dunnry01,F
Bol Bol,B. Bol,bolbo01,F
Grayson Allen,G. Allen,allengr01,G
Kevin Durant,K. Durant,duranke01,F
Oso Ighodaro,O. Ighodaro,ighodos01,F
Jaime Jaquez Jr.,J. Jaquez Jr.,jaqueja01,F
Bam Adebayo,B. Adebayo,adebaba01,C
Nikola Jović,N. Jovic,jovicni01,F
Haywood Highsmith,H. Highsmith,highsha01,F
Duncan Robinson,D. Robinson,robindu01,F
Terry Rozier,T. Rozier,roziete01,G
Thomas Bryant,T. Bryant,bryanth01,C
Kel'el Ware,K. Ware,wareke01,C
Alec Burks,A. Burks,burksal01,F
Kevin Love,K. Love,loveke01,C
Tyler Herro,T. Herro,herroty01,G
Jimmy Butler,J. Butler,butleji01,F
Pelle Larsson,P. Larsson,larsspe01,G
Josh Richardson,J. Richardson,richajo01,F
Dru Smith,D. Smith,smithdr01,G
Jett Howard,J. Howard,howarje01,F
Anthony Black,A. Black,blackan01,G
Wendell Carter Jr.,W. Carter Jr.,cartewe01,C
Kentavious Caldwell-Pope,K. Caldwell-Pope,caldwke01,G
Franz Wagner,F. Wagner,wagnefr01,F
Jalen Suggs,J. Suggs,suggsja01,G
Cory Joseph,C. Joseph,josepco01,G
Gary Harris,G. Harris,harriga01,G
Moritz Wagner,M. Wagner,wagnemo01,C
Jonathan Isaac,J. Isaac,isaacjo01,F
Goga Bitadze,G. Bitadze,bitadgo01,C
Paolo Banchero,P. Banchero,banchpa01,F
Cole Anthony,C. Anthony,anthoco01,G
Caleb Houstan,C. Houstan,houstca01,F
Javonte Green,J. Green,greenja02,F
Herbert Jones,H. Jones,joneshe01,F
Brandon Ingram,B. Ingram,ingrabr01,F
Dejounte Murray,D. Murray,murrade01,G
Daniel Theis,D. Theis,theisda01,C
Jordan Hawkins,J. Hawkins,hawkijo01,G
Jeremiah Robinson-Earl,J. Robinson-Earl,robinje02,C
Yves Missi,Y. Missi,missiyv01,C
Karlo Matković,K. Matkovic,matkoka01,F
Antonio Reeves,A. Reeves,reevean01,G
Torrey Craig,T. Craig,craigto01,F
Trey Jemison,T. Jemison,jemistr01,C
CJ McCollum,C. McCollum,mccolcj01,G
Jose Alvarado,J. Alvarado,alvarjo01,G
Jevon Carter,J. Carter,carteje01,G
Chris Duarte,C. Duarte,duartch01,F
Jalen Smith,J. Smith,smithja04,C
Dalen Terry,D. Terry,terryda01,G
Zach LaVine,Z. LaVine,lavinza01,F
Josh Giddey,J. Giddey,giddejo01,F
Patrick Williams,P. Williams,willipa01,F
Coby White,C. White,whiteco01,G
Julian Phillips,J. Phillips,phillju01,F
Lonzo Ball,L. Ball,balllo01,G
Talen Horton-Tucker,T. Horton-Tucker,hortota01,G
Matas Buzelis,M. Buzelis,buzelma01,F
Ayo Dosunmu,A. Dosunmu,dosunay01,G
Nikola Vučević,N. Vucevic,vucevni01,C
Reggie Jackson,R. Jackson,jacksre01,G
Eric Gordon,E. Gordon,gordoer01,F
KJ Martin,K. Martin,martike04,F
Caleb Martin,C. Martin,martica02,F
Ricky Council IV,R. Council IV,councri01,G
Guerschon Yabusele,G. Yabusele,yabusgu01,F
Adem Bona,A. Bona,bonaad01,F
Lester Quiñones,L. Quinones,quinole01,G
Justin Edwards,J. Edwards,edwarju01,G
Paul George,P. George,georgpa01,F
Andre Drummond,A. Drummond,drumman01,C
Jared McCain,J. McCain,mccaija01,G
Damian Lillard,D. Lillard,lillada01,G
Jeff Dowtin,J. Dowtin,dowtije01,G
Kelly Oubre Jr.,K. Oubre Jr.,oubreke01,F
Pat Connaughton,P. Connaughton,connapa01,F
Chris Livingston,C. Livingston,livinch01,F
Kyle Lowry,K. Lowry,lowryky01,G
Gary Trent Jr.,G. Trent Jr.,trentga02,F
Giannis Antetokounmpo,G. Antetokounmpo,antetgi01,F
Taurean Prince,T. Prince,princta02,F
Tyrese Maxey,T. Maxey,maxeyty01,G
Delon Wright,D. Wright,wrighde01,G
Bobby Portis,B. Portis,portibo01,C
Andre Jackson Jr.,A. Jackson Jr.,jacksan01,G
AJ Johnson,A. Johnson,johnsaj01,G
Ryan Rollins,R. Rollins,rolliry01,G
MarJon Beauchamp,M. Beauchamp,beaucma01,F
Brook Lopez,B. Lopez,lopezbr01,C
A.J. Green,A. Green,greenaj01,G
Tyler Smith,T. Smith,smithty02,F
Kris Murray,K. Murray,murrakr01,F
Deni Avdija,D. Avdija,avdijde01,F
Scoot Henderson,S. Henderson,hendesc01,G
Rayan Rupert,R. Rupert,ruperra01,G
Donovan Clingan,D. Clingan,clingdo01,C
Duop Reath,D. Reath,reathdu01,C
Jabari Walker,J. Walker,walkeja01,F
Shaedon Sharpe,S. Sharpe,sharpsh01,G
Matisse Thybulle,M. Thybulle,thybuma01,F
Robert Williams,R. Williams,williro04,C
Deandre Ayton,D. Ayton,aytonde01,C
Anfernee Simons,A. Simons,simonan01,G
Toumani Camara,T. Camara,camarto01,F
Dalano Banton,D. Banton,bantoda01,F
Kyle Anderson,K. Anderson,anderky01,F
Gui Santos,G. Santos,santogu01,F
Jerami Grant,J. Grant,grantje01,F
Trayce Jackson-Davis,T. Jackson-Davis,jackstr02,C
Andrew Wiggins,A. Wiggins,wiggian01,F
Draymond Green,D. Green,greendr01,F
Brandin Podziemski,B. Podziemski,podzibr01,G
Jonathan Kuminga,J. Kuminga,kuminjo01,C
De'Anthony Melton,D. Melton,meltode01,G
Buddy Hield,B. Hield,hieldbu01,F
Gary Payton II,G. Payton II,paytoga02,F
Kevon Looney,K. Looney,looneke01,C
Lindy Waters III,L. Waters III,waterli01,G
Moses Moody,M. Moody,moodymo01,G
Stephen Curry,S. Curry,curryst01,G
Scottie Barnes,S. Barnes,barnesc01,F
Ochai Agbaji,O. Agbaji,agbajoc01,G
Chris Boucher,C. Boucher,bouchch01,C
Jakob Poeltl,J. Poeltl,poeltja01,C
Immanuel Quickley,I. Quickley,quickim01,G
Garrett Temple,G. Temple,templga01,F
Jonathan Mogbo,J. Mogbo,mogbojo01,F
Ulrich Chomche,U. Chomche,chomcul01,F
Jamison Battle,J. Battle,battlja01,F
Jamal Shead,J. Shead,sheadja01,G
Bruno Fernando,B. Fernando,fernabr01,C
Gradey Dick,G. Dick,dickgr01,G
Davion Mitchell,D. Mitchell,mitchda01,G
Darius Garland,D. Garland,garlada01,G
Evan Mobley,E. Mobley,mobleev01,C
Jarrett Allen,J. Allen,allenja01,C
Dean Wade,D. Wade,wadede01,F
Caris LeVert,C. LeVert,leverca01,F
Georges Niang,G. Niang,niangge01,F
Donovan Mitchell,D. Mitchell,mitchdo01,G
Sam Merrill,S. Merrill,merrisa01,G
Craig Porter Jr.,C. Porter Jr.,portecr01,G
Isaac Okoro,I. Okoro,okorois01,F
Tristan Thompson,T. Thompson,thomptr01,C
Jaylon Tyson,J. Tyson,tysonja01,G
Ty Jerome,T. Jerome,jeromty01,G
Collin Sexton,C. Sexton,sextoco01,G
Jordan Clarkson,J. Clarkson,clarkjo01,G
Patty Mills,P. Mills,millspa02,G
Walker Kessler,W. Kessler,kesslwa01,C
Cody Williams,C. Williams,willico04,G
Micah Potter,M. Potter,pottemi01,C
Svi Mykhailiuk,S. Mykhailiuk,mykhasv01,F
Taylor Hendricks,T. Hendricks,hendrita01,F
Brice Sensabaugh,B. Sensabaugh,sensabr01,F
Drew Eubanks,D. Eubanks,eubandr01,C
Brandon Clarke,B. Clarke,clarkbr01,F
Kyle Filipowski,K. Filipowski,filipky01,C
John Collins,J. Collins,collijo01,F
Oscar Tshiebwe,O. Tshiebwe,tshieos01,F
Keyonte George,K. George,georgke01,G
Marcus Smart,M. Smart,smartma01,G
Santi Aldama,S. Aldama,aldamsa01,F
Yuki Kawamura,Y. Kawamura,kawamyu01,G
John Konchar,J. Konchar,konchjo01,F
Jake LaRavia,J. LaRavia,laravja01,F
Scotty Pippen Jr.,S. Pippen Jr.,pippesc02,G
Jay Huff,J. Huff,huffja01,C
Jaylen Wells,J. Wells,wellsja01,F
Desmond Bane,D. Bane,banede01,G
Ja Morant,J. Morant,moranja01,G
Zach Edey,Z. Edey,edeyza01,C
Lauri Markkanen,L. Markkanen,markkla01,F
Markieff Morris,M. Morris,morrima02,F
Daniel Gafford,D. Gafford,gaffoda01,C
Jaden Hardy,J. Hardy,hardyja02,G
Dereck Lively II,D. Lively II,livelde01,C
Naji Marshall,N. Marshall,marshna01,F
P.J. Washington,P. Washington,washipj01,C
Kyrie Irving,K. Irving,irvinky01,G
Maxi Kleber,M. Kleber,klebima01,C
Quentin Grimes,Q. Grimes,grimequ01,G
Spencer Dinwiddie,S. Dinwiddie,dinwisp01,G
Dwight Powell,D. Powell,poweldw01,C
Olivier-Maxence Prosper,O. Prosper,prospol01,F
Jazian Gortman,J. Gortman,gortmja01,G
Luka Dončić,L. Doncic,doncilu01,G
Klay Thompson,K. Thompson,thompkl01,F
Harrison Barnes,H. Barnes,barneha02,F
Harrison Ingram,H. Ingram,ingraha01,F
Blake Wesley,B. Wesley,weslebl01,G
Chris Paul,C. Paul,paulch01,G
Victor Wembanyama,V. Wembanyama,wembavi01,C
Julian Champagnie,J. Champagnie,champju02,F
Keldon Johnson,K. Johnson,johnske04,F
Sandro Mamukelashvili,S. Mamukelashvili,mamuksa01,C
Jeremy Sochan,J. Sochan,sochaje01,F
Zach Collins,Z. Collins,colliza01,C
Malaki Branham,M. Branham,branhma01,G
Stephon Castle,S. Castle,castlst01,G
Charles Bassey,C. Bassey,bassech01,C
Sidy Cissoko,S. Cissoko,cissosi01,F
Tre Jones,T. Jones,jonestr01,G
Michael Porter Jr.,M. Porter Jr.,portemi01,F
Christian Braun,C. Braun,braunch01,G
Russell Westbrook,R. Westbrook,westbru01,G
Peyton Watson,P. Watson,watsope01,F
Dario Šarić,D. Saric,saricda01,C
Julian Strawther,J. Strawther,strawju01,F
Hunter Tyson,H. Tyson,tysonhu01,F
Jalen Pickett,J. Pickett,pickeja02,G
DeAndre Jordan,D. Jordan,jordade01,C
Aaron Gordon,A. Gordon,gordoaa01,F
Zeke Nnaji,Z. Nnaji,nnajize01,F
Nikola Jokić,N. Jokic,jokicni01,C
Vlatko Čančar,V. Cancar,cancavl01,F
Trey Alexander,T. Alexander,alexatr01,G
Chet Holmgren,C. Holmgren,holmgch01,C
Alex Caruso,A. Caruso,carusal01,G
Jalen Williams,J. Williams,willija06,F
Luguentz Dort,L. Dort,dortlu01,F
Isaiah Joe,I. Joe,joeis01,G
Cason Wallace,C. Wallace,wallaca01,G
Aaron Wiggins,A. Wiggins,wiggiaa01,G
Ajay Mitchell,A. Mitchell,mitchaj01,G
Jamal Murray,J. Murray,murraja01,G
Alex Ducas,A. Ducas,ducasal01,G
Adam Flagler,A. Flagler,flaglad01,G
Dillon Jones,D. Jones,jonesdi01,F
Alex Reese,A. Reese,reeseal01,F
Shai Gilgeous-Alexander,S. Gilgeous-Alexander,gilgesh01,G
Ousmane Dieng,O. Dieng,diengou01,F
Keegan Murray,K. Murray,murrake02,F
DeMar DeRozan,D. DeRozan,derozde01,F
Domantas Sabonis,D. Sabonis,sabondo01,C
Kevin Huerter,K. Huerter,huertke01,F
Malik Monk,M. Monk,monkma01,G
Trey Lyles,T. Lyles,lylestr01,F
Alex Len,A. Len,lenal01,C
Doug McDermott,D. McDermott,mcderdo01,F
Colby Jones,C. Jones,jonesco02,G
Isaac Jones,I. Jones,jonesis01,F
Keon Ellis,K. Ellis,elliske01,G
De'Aaron Fox,D. Fox,foxde01,G
Jordan McLaughlin,J. McLaughlin,mclaujo01,G
Justin Champagnie,J. Champagnie,champju01,F
Kyle Kuzma,K. Kuzma,kuzmaky01,F
Carlton Carrington,C. Carrington,carrica01,G
Alex Sarr,A. Sarr,sarral01,F
Kyshawn George,K. George,georgky01,G
Marvin Bagley III,M. Bagley III,baglema01,C
Jordan Poole,J. Poole,poolejo01,G
Patrick Baldwin Jr.,P. Baldwin Jr.,baldwpa01,F
Johnny Davis,J. Davis,davisjo06,G
Bilal Coulibaly,B. Coulibaly,coulibi01,F
Jared Butler,J. Butler,butleja02,G
Corey Kispert,C. Kispert,kispeco01,F
Jonas Valančiūnas,J. Valanciunas,valanjo01,C
JD Davison,J. Davison,davisjd01,G
Anthony Gill,A. Gill,gillan01,F
Drew Peterson,D. Peterson,peterdr01,F
Richaun Holmes,R. Holmes,holmeri01,C
Josh Green,J. Green,greenjo02,G
Collin Gillespie,C. Gillespie,gilleco01,G
Quincy Olivari,Q. Olivari,olivaqu01,G
Armel Traoré,A. Traore,armeltr01,F
Adama Sanogo,A. Sanogo,sanogad01,C
Isaiah Jackson,I. Jackson,jacksis01,C
Mac McClung,M. McClung,mccluma01,G
Zion Williamson,Z. Williamson,willizi01,F
Taze Moore,T. Moore,mooreta02,G
D.J. Carton,D. Carton,cartodj01,G
Jason Preston,J. Preston,prestja01,G
Keshad Johnson,K. Johnson,johnske10,F
Jaren Jackson Jr.,J. Jackson Jr.,jacksja02,C
Trevelin Queen,T. Queen,queentr01,G
David Duke Jr.,D. Duke Jr.,dukeda01,G
Riley Minix,R. Minix,minixri01,F
Liam Robbins,L. Robbins,robbili01,C
Kessler Edwards,K. Edwards,edwarke02,F
Brandon Williams,B. Williams,willibr03,G
Steven Adams,S. Adams,adamsst01,C
RJ Barrett,R. Barrett,barrerj01,F
Jamal Cain,J. Cain,cainja01,F
Brandon Boston Jr.,B. Boston Jr.,bostobr01,F
Reece Beekman,R. Beekman,beekmre01,G
Pat Spencer,P. Spencer,spencpa01,G
Daishen Nix,D. Nix,nixda01,G
Johnny Juzang,J. Juzang,juzanjo01,G
Christian Wood,C. Wood,woodch01,C
Trendon Watford,T. Watford,watfotr01,F
Kobe Bufkin,K. Bufkin,bufkiko01,G
Colin Castleton,C. Castleton,castlco01,C
Luke Travers,L. Travers,travelu01,G
Malevy Leons,M. Leons,leonsma01,F
Ja'Kobe Walter,J. Walter,walteja01,G
Spencer Jones,S. Jones,jonessp01,F
JT Thor,J. Thor,thorjt01,F
Josh Okogie,J. Okogie,okogijo01,G
Braxton Key,B. Key,keybr01,F
Justin Holiday,J. Holiday,holidju01,F
Yuta Watanabe,Y. Watanabe,watanyu01,F
Chimezie Metu,C. Metu,metuch01,C
Saben Lee,S. Lee,leesa01,G
Nassir Little,N. Little,littlna01,F
Jordan Goodwin,J. Goodwin,goodwjo01,G
Udoka Azubuike,U. Azubuike,azubuud01,C
Keita Bates-Diop,K. Bates-Diop,bateske01,F
Emoni Bates,E. Bates,batesem01,F
Max Strus,M. Strus,strusma01,F
Damian Jones,D. Jones,jonesda03,C
Isaiah Mobley,I. Mobley,mobleis01,F
Dennis Smith Jr.,D. Smith Jr.,smithde03,G
Harry Giles,H. Giles,gilesha01,C
Day'Ron Sharpe,D. Sharpe,sharpda01,C
Lonnie Walker IV,L. Walker IV,walkelo01,G
Aleksej Pokusevski,A. Pokusevski,pokusal01,F
Olivier Sarr,O. Sarr,sarrol01,C
Terry Taylor,T. Taylor,taylote01,F
Dāvis Bertāns,D. Bertans,bertada01,F
Saddiq Bey,S. Bey,beysa01,F
AJ Griffin,A. Griffin,griffaj01,F
Théo Maledon,T. Maledon,maledth01,G
Amari Bailey,A. Bailey,baileam01,G
Trent Forrest,T. Forrest,forretr01,G
Mark Williams,M. Williams,willima07,C
Gordon Hayward,G. Hayward,haywago01,F
Leaky Black,L. Black,blackle01,F
Mike Muscala,M. Muscala,muscami01,C
Jordan Nwora,J. Nwora,nworajo01,F
Danilo Gallinari,D. Gallinari,gallida01,F
Eugene Omoruyi,E. Omoruyi,omorueu01,F
John Butler,J. Butler,butlejo01,C
Bruce Brown,B. Brown,brownbr01,F
Malcolm Brogdon,M. Brogdon,brogdma01,G
Moses Brown,M. Brown,brownmo01,C
Robert Covington,R. Covington,covinro01,C
Kawhi Leonard,K. Leonard,leonaka01,F
E.J. Liddell,E. Liddell,liddeej01,F
Kaiser Gates,K. Gates,gateska01,F
Kira Lewis Jr.,K. Lewis Jr.,lewiski01,G
Cody Zeller,C. Zeller,zelleco01,C
Matt Ryan,M. Ryan,ryanma01,F
Vince Williams Jr.,V. Williams Jr.,willivi01,G
Kenneth Lofton Jr.,K. Lofton Jr.,loftoke01,F
Derrick Rose,D. Rose,rosede01,G
Jacob Gilyard,J. Gilyard,gilyaja01,G
Luke Kennard,L. Kennard,kennalu01,G
R.J. Hampton,R. Hampton,hamptrj01,G
Joe Harris,J. Harris,harrijo01,F
Ausar Thompson,A. Thompson,thompau01,F
Stanley Umude,S. Umude,umudest01,G
Malcolm Cazalon,M. Cazalon,cazalma01,G
Killian Hayes,K. Hayes,hayeski01,G
Orlando Robinson,O. Robinson,robinor01,C
Kristaps Porziņģis,K. Porzingis,porzikr01,C
Oshae Brissett,O. Brissett,brissos01,F
Ryan Arcidiacono,R. Arcidiacono,arcidry01,G
Evan Fournier,E. Fournier,fournev01,F
Isaiah Hartenstein,I. Hartenstein,harteis01,C
Mitchell Robinson,M. Robinson,robinmi01,C
Dylan Windler,D. Windler,windldy01,F
DaQuan Jeffries,D. Jeffries,jeffrda01,G
Lamar Stevens,L. Stevens,stevela01,F
Markelle Fultz,M. Fultz,fultzma01,G
Jermaine Samuels,J. Samuels,samueje01,F
Reggie Bullock,R. Bullock,bullore01,F
Boban Marjanović,B. Marjanovic,marjabo01,C
Chuma Okeke,C. Okeke,okekech01,F
Dante Exum,D. Exum,exumda01,G
Dominick Barlow,D. Barlow,barlodo01,F
Devonte' Graham,D. Graham,grahade01,G
Devin Vassell,D. Vassell,vassede01,F
Cedi Osman,C. Osman,osmande01,F
Otto Porter Jr.,O. Porter Jr.,porteot01,F
Jalen McDaniels,J. McDaniels,mcdanja01,F
Troy Brown Jr.,T. Brown Jr.,browntr01,F
Precious Achiuwa,P. Achiuwa,achiupr01,C
Thaddeus Young,T. Young,youngth01,F
Malachi Flynn,M. Flynn,flynnma01,G
Luka Šamanić,L. Samanic,samanlu01,F
JaVale McGee,J. McGee,mcgeeja01,C
Sasha Vezenkov,S. Vezenkov,vezenal01,F
Omer Yurtseven,O. Yurtseven,yurtsom01,C
Kelly Olynyk,K. Olynyk,olynyke01,C
Jordan Ford,J. Ford,fordjo01,G
D'Moi Hodge,D. Hodge,hodgedm01,G
Filip Petrušev,F. Petrusev,petrufi01,C
Danny Green,D. Green,greenda02,F
Danuel House Jr.,D. House Jr.,houseda01,F
P.J. Tucker,P. Tucker,tuckepj01,F
Thanasis Antetokounmpo,T. Antetokounmpo,antetth01,F
Khris Middleton,K. Middleton,middlkh01,F
Furkan Korkmaz,F. Korkmaz,korkmfu01,G
Patrick Beverley,P. Beverley,beverpa01,G
Robin Lopez,R. Lopez,lopezro01,C
Jae Crowder,J. Crowder,crowdja01,F
Joel Embiid,J. Embiid,embiijo01,C
Mo Bamba,M. Bamba,bambamo01,C
Bryce McGowens,B. McGowens,mcgowbr01,G
Frank Ntilikina,F. Ntilikina,ntilila01,G
Armoni Brooks,A. Brooks,brookar01,G
Skylar Mays,S. Mays,mayssk01,G
Jalen Slawson,J. Slawson,slawsja01,F
Javon Freeman-Liberty,J. Freeman-Liberty,freemja01,G
TyTy Washington Jr.,T. Washington Jr.,washity02,G
Keyontae Johnson,K. Johnson,johnske08,F
Jerome Robinson,J. Robinson,robinje01,G
Ron Harper Jr.,R. Harper Jr.,harpero02,F
Justin Minaya,J. Minaya,minayju01,F
Landry Shamet,L. Shamet,shamela01,G
Nate Hinton,N. Hinton,hintona01,F
Alex Fudge,A. Fudge,fudgeal01,F
Joshua Primo,J. Primo,primojo01,F
Dereon Seabron,D. Seabron,seabrde01,G
Marcus Morris,M. Morris,morrima03,F
Jaylin Williams,J. Williams,willija07,C
Usman Garuba,U. Garuba,garubus01,C
Bismack Biyombo,B. Biyombo,biyombi01,C
Onuralp Bitim,O. Bitim,bitimon01,G
Ish Smith,I. Smith,smithis01,G
Admiral Schofield,A. Schofield,schofad01,F
Lindell Wigginton,L. Wigginton,wiggili01,G
Seth Lundy,S. Lundy,lundyse01,F
Kevin Knox,K. Knox,knoxke01,F
Wesley Matthews,W. Matthews,matthwe02,F
Ish Wainright,I. Wainright,wainris01,F
Jamaree Bouyea,J. Bouyea,bouyeja01,G
Markquis Nowell,M. Nowell,nowelma01,G
Isaiah Livers,I. Livers,liveris01,F
Kenrich Williams,K. Williams,willike04,F
Marques Bolden,M. Bolden,boldema01,C
Charles Bediako,C. Bediako,bediach01,C
Sir'Jabari Rice,S. Rice,ricesi01,G
Jarred Vanderbilt,J. Vanderbilt,vandeja01,F
James Bouknight,J. Bouknight,bouknja01,G
Shaquille Harrison,S. Harrison,harrish01,G
Jaylen Nowell,J. Nowell,nowelja01,G
Xavier Moon,X. Moon,moonxa01,G
A.J. Lawson,A. Lawson,lawsoaj01,G
Dexter Dennis,D. Dennis,dennide01,G
Trey Murphy III,T. Murphy III,murphtr02,F
Greg Brown III,G. Brown III,browngr01,F
Bojan Bogdanović,B. Bogdanovic,bogdabo02,F
Charlie Brown Jr.,C. Brown Jr.,brownch02,G
Jules Bernard,J. Bernard,bernaju01,G
Nathan Mensah,N. Mensah,mensana01,C
Juan Toscano-Anderson,J. Toscano-Anderson,toscaju01,F
Miles Norris,M. Norris,norrimi01,F
Javonte Smart,J. Smart,smartja01,G
Dmytro Skapintsev,D. Skapintsev,skapidm01,C
Jontay Porter,J. Porter,portejo01,F
Ibou Badji,I. Badji,badjiib01,C
Mamadi Diakite,M. Diakite,diakima01,C
Kendall Brown,K. Brown,brownke03,G
Terquavion Smith,T. Smith,smithte01,G
Victor Oladipo,V. Oladipo,oladivi01,G
Hamidou Diallo,H. Diallo,diallha01,F
Kevon Harris,K. Harris,harrike01,G
Isaiah Wong,I. Wong,wongis01,G
Pete Nance,P. Nance,nancepe01,F
Malcolm Hill,M. Hill,hillma01,F
Matthew Hurt,M. Hurt,hurtma01,F
Henri Drell,H. Drell,drellhe01,F
Tosan Evbuomwan,T. Evbuomwan,evbuoto01,F
GG Jackson II,G. Jackson II,jacksgg01,F
Duane Washington Jr.,D. Washington Jr.,washidu02,G
Ashton Hagans,A. Hagans,haganas01,G
Justise Winslow,J. Winslow,winslju01,F
Zhaire Smith,Z. Smith,smithzh01,F
Mouhamadou Gueye,M. Gueye,gueyemo01,F
Mason Jones,M. Jones,jonesma05,G
Darius Bazley,D. Bazley,bazleda01,C
Justin Jackson,J. Jackson,jacksju01,F
Jalen Crutcher,J. Crutcher,crutcja01,G
Andrew Funk,A. Funk,funkan01,G
Sharife Cooper,S. Cooper,coopesh01,G
Jaylin Galloway,J. Galloway,galloja01,F
Jahmi'us Ramsey,J. Ramsey,ramseja01,G
Izaiah Brockington,I. Brockington,brockiz01,G
T.J. Warren,T. Warren,warretj01,F
Wenyen Gabriel,W. Gabriel,gabriwe01,C
DeJon Jarreau,D. Jarreau,jarrede01,G
RaiQuan Gray,R. Gray,grayra01,F
Buddy Boeheim,B. Boeheim,boehebu01,F
Mãozinha Pereira,M. Pereira,pereima01,F
Isaiah Thomas,I. Thomas,thomais02,G
Tristan Vukcevic,T. Vukcevic,vukcetr01,C
D.J. Wilson,D. Wilson,wilsodj01,F
Kobi Simmons,K. Simmons,simmoko01,G
Zavier Simpson,Z. Simpson,simpsza01,G
Malik Williams,M. Williams,willima11,C
Timmy Allen,T. Allen,allenti01,F
Jack White,J. White,whiteja03,F
Noah Vonleh,N. Vonleh,vonleno01,C
Montrezl Harrell,M. Harrell,harremo01,C
Blake Griffin,B. Griffin,griffbl01,C
Mfiondu Kabengele,M. Kabengele,kabenmf01,C
Kendrick Nunn,K. Nunn,nunnke01,G
JaMychal Green,J. Green,greenja01,F
Josh Christopher,J. Christopher,chrisjo01,G
Trevor Hudgins,T. Hudgins,hudgitr01,G
Jarrett Culver,J. Culver,culveja01,F
Frank Kaminsky,F. Kaminsky,kaminfr01,C
Edmond Sumner,E. Sumner,sumneed01,G
Willy Hernangómez,W. Hernangomez,hernawi01,C
Terrence Ross,T. Ross,rosste01,F
Nerlens Noel,N. Noel,noelne01,C
Rodney McGruder,R. McGruder,mcgruro01,G
Isaiah Todd,I. Todd,toddis01,F
Jordan Schakel,J. Schakel,schakjo01,F
Will Barton,W. Barton,bartowi01,F
Feron Hunt,F. Hunt,huntfe01,F
Kennedy Chandler,K. Chandler,chandke01,G
Goran Dragić,G. Dragic,dragigo01,G
Tony Bradley,T. Bradley,bradlto01,C
Udonis Haslem,U. Haslem,hasleud01,C
Marko Simonovic,M. Simonovic,simonma01,C
Dewayne Dedmon,D. Dedmon,dedmode01,C
Nathan Knight,N. Knight,knighna01,C
Austin Rivers,A. Rivers,riverau01,G
Bryn Forbes,B. Forbes,forbebr01,G
Theo Pinson,T. Pinson,pinsoth01,F
McKinley Wright IV,M. Wright IV,wrighmc01,G
Terence Davis,T. Davis,daviste02,G
Chima Moneke,C. Moneke,monekch01,F
Matthew Dellavedova,M. Dellavedova,dellama01,G
KZ Okpala,K. Okpala,okpalkz01,F
Isaiah Roby,I. Roby,robyis01,F
Romeo Langford,R. Langford,langfro01,G
Gorgui Dieng,G. Dieng,dienggo01,C
Raul Neto,R. Neto,netora01,G
Juancho Hernangómez,J. Hernangomez,hernaju01,F
Christian Koloko,C. Koloko,kolokch01,C
Davon Reed,D. Reed,reedda01,G
Rudy Gay,R. Gay,gayru01,F
Leandro Bolmaro,L. Bolmaro,bolmale01,F
John Wall,J. Wall,walljo01,G
George Hill,G. Hill,hillge01,G
Serge Ibaka,S. Ibaka,ibakase01,C
Khem Birch,K. Birch,birchkh01,C
Trevor Keels,T. Keels,keelstr01,G
Tyler Dorsey,T. Dorsey,dorsety01,F
Jordan Hall,J. Hall,halljo02,F
Vernon Carey Jr.,V. Carey Jr.,careyve01,C
Facundo Campazzo,F. Campazzo,campafa01,G
Anthony Lamb,A. Lamb,lamban01,F
Devon Dotson,D. Dotson,dotsode01,G
Michael Foster Jr.,M. Foster Jr.,fostemi02,F
Kostas Antetokounmpo,K. Antetokounmpo,antetko01,F
Alize Johnson,A. Johnson,johnsal02,F
Kemba Walker,K. Walker,walkeke02,G
Stanley Johnson,S. Johnson,johnsst04,F
Darius Days,D. Days,daysda01,F
Carlik Jones,C. Jones,jonesca03,G
Sterling Brown,S. Brown,brownst02,F
Andre Iguodala,A. Iguodala,iguodan01,F
Joe Wieskamp,J. Wieskamp,wieskjo01,F
Derrick Favors,D. Favors,favorde01,C
Ricky Rubio,R. Rubio,rubiori01,G
Donovan Williams,D. Williams,willido02,G
Deonte Burton,D. Burton,burtode02,F
Chris Silva,C. Silva,silvach01,F
Frank Jackson,F. Jackson,jacksfr01,G
Meyers Leonard,M. Leonard,leoname01,C
Michael Carter-Williams,M. Carter-Williams,cartemi01,G
Willie Cauley-Stein,W. Cauley-Stein,caulewi01,C
Jarrell Brantley,J. Brantley,brantja01,F
Xavier Cooks,X. Cooks,cooksxa01,F
D.J. Augustin,D. Augustin,augusdj01,G
Jay Scrubb,J. Scrubb,scrubja01,G
Xavier Sneed,X. Sneed,sneedxa01,F
Gabe York,G. York,yorkga01,G
Louis King,L. King,kinglo02,F
Chance Comanche,C. Comanche,comanch01,C
Terrence Shannon Jr.,T. Shannon Jr.,,
Kenyon Martin Jr.,K. Martin Jr.,,
Gregory Jackson II,G. Jackson II,,
Lester Quinones,L. Quinones,,
AJ Green,A. Green,,
Xavier Tillman Sr.,X. Tillman,tillmxa01,C
Yongxi Cui,C. Yongxi,cuiyo01,G
Ron Holland,R. Holland II,hollaro01,F
Tristan Da Silva,T. da Silva,dasiltr01,F
Alperen Şengün,A. Sengun,,
Jack McVeigh,J. McVeigh,mcveija01,F
Isaiah Collier,I. Collier,colliis01,G
